,content
0,Unsatisfied apps and program.
1,"Beli Binar Go, pembayaran sudah terdebet dari kartu kredit, tapi status masih pending. Sudah chat via WA menunggu 24 jam tidak ada respon."
2,"Specifically this review is for BinarGO. Overall, the courses are great and i learnt alot, but I also experienced difficulties. Some of the text content did not load and so i couldn't complete my learning process. please fix this soon. Thank you ğŸ™"
3,Yes its good app i like to lern more about digytal skill
4,Can't login
5,Mohon diperbaiki lagi.. UI sudah bagus tetapi masa setiap buka aplikasi harus selalu login terus
6,"1 star: can't register with google, long buffering. When I try to register with normal method, it says my email already registered. Then I tried to login with google, but the button can't be pressed. Update: Somehow I managed to login after I checked my email and opened email verification. I pressed the verification button and when the web app opened it says verification timeout and guide me to the Binar App. When the App opened, I already login. Very bad user experience."
7,"Apakah update ini di QA dlu? Saya belajar QA dari apps ini, namun penggunaannya di aplikasi sendiri masih meragukan. Update terbaru tidak bisa login pakai ""sudah punya akun"" karena tombol ""lanjutkan dengan Google"" tidak bisa di klik."
8,"After updating to version 6.0.0, suddenly the courses that I had been working on until chapter 4 (gold) suddenly reset to silver badge. Please fix it soon!"
9,Login aja susah gak bisa bisa
10,"Overall sudah bagus, akan lebih baik jika ada menu untuk rekomendasi kelas atau training di luar tema yg sdh ada"
11,"Binar go itu klo bisa informasi sisa paket nya itu hari terakhir bisa akses binar go nya dung. Paket saya berakhir kemarin, tp ditulisnya tanggal hari ini. Padahal hari ini mau review sekali lagi. Mana harga ny naik 3x lipat biarpun udah promo"
12,Ini mah tolong bgt dibuat desktop versionnya :( Mau belajar serius tapi pake HP kecil bgt :(( Belum lagi tiba2 muncul notif dari doi jadi terdistract :(
13,Response time lama ketika pindah dari halaman materi. Loading animasi tidak ada saat pindah halaman materi. UX perlu ditingkatkan.
14,"Aplikasinya bagus, tp render materi lamaa bangeet butuh lebih dari 15 detik"
15,"Setelah update karena katanya ada logo dan wajah baru malah selalu otomatis ketutup tiap buka aplikasinya. Udah coba reinstall, masih tetep gitu."
16,Very Slow when loading next page.
17,gabisa landscape kecuali pas udh mulai play video
18,Please develop for the web version
19,"Untuk aplikasinya masih kurang memuaskan, masih ada error pas lagi ngakses modul materinya jadi ga bisa dibuka"
20,Amazing!!!
21,Go go binar
22,"Leaving this at 3 stars for now. Unless the dev finally implemented features to change resolution and offline downloads, the app is practically useless for me"
23,Terimakasih admin sudah ditangani keluhan saya. Untuk belajar pemula bagus di Binar ini. Jadi kita bisa dapat overview secara luas dulu tentang suatu topik.
24,"Di learningnya, loading lama banget. Baca slide 15 detik nunggunya 30detik"
25,T O P
26,"Dear binar developer, sudah 2 kali saya mengalami masalah yang sama. Tidak bisa melanjutkan materi karena koneksi terganggu di tengah jalan. Alhasil setiap saya ingin melanjutkan ke slide selanjutnya, selalu muncul notifikasi 'mohon maaf, terjadi kesalahan'. Update: problem sudah di solve tim binar. Well done"
27,loading materi dari halaman satu ke halaman lain cukup lama dan membosankan
28,"Good Education Apps,"
29,Binar is just amazing. But it would be great if the Binar GO have a speed adjustment button. I used to watch courses on 1.5-2x speed to keep my focus. Hope it helps. Thanks
30,"materinya sangat bagus, tapi load setiap halamannya sangat lama"
31,Mantap. Menyehatkan masa depan.
32,Gtau
33,"trouble terus, questioner slalu kembali ke awal setiap lihat gambar, capek ngulang2 ga klaar2. update : trouble fixed"
34,Saya sudah mendaftar dan mebayar binar insight untuk 2 event tapi kenapa tidak dapat email berisi link webinar dan di aplikasi juga tidak ada daftar transaksi? Saya jadi tidak bisa ikut webinar padahal sudah bayar. Saya ingin mengajukan refund.
35,"Untuk kelas silver nya mungkin lebih baik diberi opsi predownload, jadi tiap ke next card tidak perlu loading lg, sangat mengganggu"
36,"Tolong donk diperbaiki, asal mau nekan yang gold pasti force close, kalo force close terus gimana mau belajarnya ?"
37,"Kelas dan materi cukup bagus. Tapi pengalaman di app masih buruk, loading lama, kadang eror, sering tiba2 mengulang ke materi awal. Sangat mengganggu untuk belajar. Masih perlu ditingkatkan lagi"
38,Super Academy
39,"Bagus! Tpi mau request dong, terkadang klo hp suka kekecilan gtu layarnya, pengen bgt bsa avail di desktop/mac/ipad. Thnk u! Sorry ya binar, aku turunin ratingnya, karna bener2 bete bgt nunggu loading yg ga selesai2 padhal lagi ngejar materi yg berakhir 2hari lagi bakal selesai aktivasinya. :"""
40,Mantap
41,Aplikasinya ringan banget. Proses daftar via Google cepat & gak bertele2. Materi & pembicara kelas insight bagus. Untuk 1st time joiner sebaiknya dikasih ide untuk memulai dari mana: premium atau insight? Selesai bayar kelas via Gopay gak langsung kembali ke app Binar. Would be nice otherwise. Saya lagi menimbang daftar kelas silver. I might update this review after further experience.
42,Nice app for education
43,"Penyampaian materi nya sederhana dan mudah dimengerti. Hanya saja kecepatan loading app nya kadang cukup lambat, jadi perlu perbaikan supaya jadi lebih cepat wosh-wosh. Terima kasih."
44,Tidak bisa login. Tidak bisa sign up. Sign up google juga tidak bisa Update : sudah bisa signup dan login dengan lancar
45,"Terlalu banyak bugs ketika mengakses modul belajar di kelas gold, padahal sudah klik selanjutnya tapi tampilan masih sama."
46,"Payment for ""Binar Insights"" always stuck in loading. Sure it will reduce your revenue if it's not fixed ASAP."
47,"Great platform and easy to use, nice UI also. Keep up the good work !"
48,"Silver coursenya nggak bisa diakses. Ketika diklik, tertulis ""maaf, terjadi kesalahan"" | Review update : Problemnya masih sama, nggak bisa akses silver coursenya"
49,Mantap.
50,Hi support team thank you for your response and feedback. I'm highly appreciated.
51,"In terms of course materials, all good. But on the other hand, the app performance is irritating. The app state doesn't tell much information, just an infinite loading state though our internet is totally fine"
52,"Pertama kali memakai aplikasi e-learning dan hasilnya cukup menyenangkan dan mudah dimengerti, ya memang awal awal sangat lama loadingnya, tetapi problem itu sudah di solve dengan baik oleh pihak Binar sehingga user nyaman belajar di aplikasi Binar dan tidak menjadi masalah lagi untuk belajar."
53,Mantap udah ga lama lagi
54,Ini ngeload konten lama bgt. Sudah di versi terbaru namun masih belum fix. Tolong diperbaiki
55,"Lag, slow loading, bad UX"
56,Aplikasi lambat
57,Sometimes apps seems laggy
58,Kontennya ga keluar apa2.. saya pakai poco x3 pro..
59,You guys better fix this loading page immediately. Other courses have more simplicity & more tight information than you. You are about to get kick out of competition.
60,"Loading pagenya lama bgt bikin kesel, ngerusak mood pas mau belajar."
61,The apps is always running slow
62,Loading nya lama
63,banyak menemukan hal-hal baru
64,Aplikasi nya sangat lamban dan kurang responsif
65,baguss kok
66,Loading kontennya lamaa
67,Aplikasi sangat lambat loading nya
68,The apps is so laggy
69,Kenapa loading muluğŸ˜¢
70,Such a good app. Tapi kok diakses menggunakan jaringan Telkom susah banget ya? Entah menggunakan wifi atau data seluler.
71,Hi kak apakah aplikasinya gangguan ya saya lg belajar :'
72,Terjadi kesalahan server pada notifikasi setiap saya coba membuka materi. Saya sudah download jadi belum bisa digunain. Next mohon coba di perbaiki servernya.
73,Aplikasinya kok berat ya
74,"sampah, sekelas binar app nya bisa begini, loding terus, banyak error, pembayaran berhasil terdebet tapi status transaksi di aplikasi dibatalkan, chat cs tidak di respon, sangat sangat tidak professional!!!"
75,"Frustasi, gak bisa dibuka di HP padahal internet cepat.. Login aja susah.. Mohon diperbaiki servernya.. Jika semua sudah berjalan dengan baik akan saya berikan rating ulang.. Terima kasih.."
76,"Semoga kedepannya loading pagenya bisa lebih kencang, supaya belajarnya dari halaman satu ke halaman lainya lebih mudah dan nyaman"
77,Ngeload datanya lama banget
78,Bad UX Why it always loading each component...
79,"Bagus buat belajar, cuma materinya kurang banyak sama gabisa dibuka bebasğŸ˜“"
80,"very nice app, easy to use, user friendly and very usefull for learn"
81,Good
82,Sering loading lama waktu buka materi
83,Nais
84,"User experience udah enak, cuman tiap buka materi terus klik gambar materi, balik lagi ke materi berat sekali prosesnya untuk nampilin materi kembali, butuh waktu yang lumayan."
85,Buka beberapa chapter tidak loading. Tp kelas bootcampnya mantap!
86,"No search button. In ads there is a digital marketing course, but actually no."
87,"Loading ke page lama, opsi di kuis yg ilang"
88,"Variasi kursus dan webinar nya banyak sekali dan banyak materi yang bisa diakses dengan gratis maupun dengan biaya yang murah, tapi sayangnya apps nya sering force closed sendiri."
89,HELPFULLLLLL
90,Belum bisa tampilan landscape di tablet.
91,"Great app, Easy to learn"
92,FURQAN BNN INDONESIA
93,Kontennya bagus sih. Tp sumpah ngeselin bgt adsnya :(( tiap pindah muncul mulu. Mana munculnya pop up gede banget.
94,Clean&simple.
95,"Just installed, pop up bundle offernya INTRUSIVE banget. Hampir tiap navigate browsing katalog dia muncul_-"
96,Sangat membantu sekali dalam hal pembelajaran di sekolah saya
97,2 star for annoying pop up
98,"loadnya lama banget kalau abis ninggalin page/abis buka gambar di page, akan diedit bintangnya kalau gak lelet lagi."
99,"Seru pembelajarannya, materinya juga lebih mudah dipahami karena penjelasannya simple."
100,"nice,tp hrus ada improvmnt: login dgn Google account nyangkut stlah verif,dan knp login dgn Google hrus verify account lg lewat email? serta terlalu banyak meminta data di menu profile.. kemudian muncul in-app dapet diskon tp tidak jelas tncnya dan tidak ada di menu kupon."
101,"great app to learn and improve skills. also, this app it's easy to use!!!"
102,Easy to learn
103,Ok
104,"It's not the apps, this was experience"
105,"Menarik, dan nyaman untuk belajar"
106,"Setiap kali saya buka app, lalu buka materi, loadingnya sangat lama. Itu jadi barrier saya untuk baca materi di Binar, sering membuat saya batal membaca materi yg disediakan. Hopefully, this issue can be resolved asap."
107,"Di level silver course FSW, ketika klik gambar makan gambar akan menjadi fullscreen. Saat gambar diclose maka akan loading cukup lama untuk kembali ke halaman sebelumnya."
108,Top lah ini. Ga ada komen lain.
109,Bagus
110,Oke google
111,- Typo di introduction bahasa pemrograman page 10 dan 13 - typo di pm101 page 50
112,"Beres chapter 1 android, ga bs ke chapter 2, krn materi struktur data ngulang2 terus biarpun sudah dilanjutkan, tp ga tuntas2."
113,"For applications and learning materials are very good, helpful and easy to understand. But for material that is accompanied by images a lot of text that is not right because the appearance of text is too small. Maybe you can add the Zoom in feature to the image to make it easy to read the text on the image. Thanks"
114,App nya sangat bagus dan mudah dipahami
115,"Saat pertama install bs, namun saat upgrade.. Kok susah ya.. Hingga install ulang.."
116,"Kalau ukuran text nya bisa sedikit lebih besar, mungkin bacanya jadi lebih nyaman..."
117,"Binar is very good, Recommended this app"
118,"Great app for IT newbies, easy to use."
119,"Satisfying. If the next slide is a quiz, and the slide before have picture. When you tap the picture to zoom and tap the back button, the quiz on the next slide will reveal its answer."
120,Overall it's a good app but i think the UI can still be improved!
121,aku suka pake binar
122,"This app is really great! Its main features are the free bootcamp courses & insight for webinars! It has amazing functions and easy to use, but there are some minor errors here and there, though they don't hinder the larger functions of the application. It's a good bargain, at least you may try to join one of the insights! I'm looking forward for one as well as the upcoming bootcamp batch."
123,Aplikasinya berguna banget
124,app-nya useful bangett
125,"Sukaa banget sama aplikasinya, sangat bermanfaat"
126,Aplikasinya membantu banget buat siapapun yang pengen belajar autodidak topik-topik tertentu!
127,"Sebagai pengguna awam, experience setelah menggunakan aplikasi ini cukup nyaman. Interface yang nyaman di mata, penggunaan bahasa yang useful hingga menu yang sangat mudah dipahami. Sangat cocok untuk kamu yang baru belajar!"
128,Broken app
129,Keren banget aplikasinya gampang dipake
130,Bagusss
131,Aplikasi ini sangat berguna sekalia krn di jaman serba apa2 digital begini kita jd makin bisa belajar lbh pintar lg.Jadi meskipun dirumah aja tetep bisa dpt ilmu yg bisa dipakai utk kedpnnya.recomended lah!!
132,Aplikasinya bermanfaat banget â¤ï¸
133,Aplikasi ini sangat bermanfaat dan mudah untuk digunakan
134,Woahhh keren banget app nyağŸ‘ğŸ‘ğŸ‘
135,keren
136,nice app
137,Great app to learn
138,This a good app for beginner learn about UI/UX
139,Bagus
140,"Seru bgt belajar di Binar Academy, ada kelas pemula gratis yg bisa diambil. Jadi makin yakin deh buat belajar trus disini!"
141,Easy to use â¤â¤
142,"bagus app nya, bermanfaat dan sangat membantu"
143,"Great app to learn and improve skills. it's easy to use!! Thank you, Binar Academy"
144,"Very innovative and helpful app! If I could rate it more than 5, I would."
145,"Aplikasi termantap!! Bisa nambah ilmu belajar skills yang dibutuhkan dalam era digital sekarang, mulai dari UI/UX, product management sampai digital marketing. Keren banget!"
146,Very nice application that make us helpful for study
147,Bermanfaat
148,aplikasinya sangat bermanfaatğŸ‘ğŸ»ğŸ‘ğŸ»
149,"Kerenn banget aplikasi, sangat bermanfaat"
150,Must try appğŸ‘ŒğŸ‘Œespecially for those who wants to learn IT/IS
151,Nice App!! UI UX dari Binar academy keren banget dan mempermudah saya dalam mencari berbagai course programming yang disediakan. Cocok banget buat memperdalam skill.
152,"Kemudahan akses materi melalui aplikasi mobile dan adanya fitur upgrade materi membuat setiap orang bisa akses materi terlebih dahulu untuk melihat minat mereka dari bidang yang dipilih, ditambah ada Binar Insight bakal jadi sumber ilmu juga untuk belajar langsung dari ahlinya. Kehadiran Binar membuka peluang semua orang untuk bisa belajar dengan kualitas materi standar industri dan metode belajar yang diakui dunia"
153,Aplikasi ini sangat mendukung dalam belajar dan mudah dimengerti
154,"nice apps!! UI/UX dari apps ini juga bagus dan sangat user friendly. Selama ini saya baru tahu kalau ada aplikasi seperti ini, saya sangat tertarik untuk mempelajari lebih dalam tentang ui/ux, tapi awalnya tidak tahu dimana tempat yang tepat bagi saya untuk mengembangkan skill saya.. dan setelah download aplikasi binar ini akhirnya saya bisa menemukan tempat yang tepat untuk belajar.. semoga untuk kedepannya aplikasi ini dapat membantu saya mengembangkan potensi saya"
155,ux design keren dan materi sangat membantu!
156,recommended bangat buat kalian yang mau ngembangin skill IT!
157,gampang banget buat pake appnya trs coursenya juga ga ngebosenin
158,"Keren banget buat nambah wawasan, gampang cara aksesnya!"
159,"Belajar hal baruu jadi berasa mudah dan seruu!! adaa event2 juga yg bisa diikutin, kerenn bgt Binarâœ¨"
160,"mantep banget course yg ada di sini, sangat membantu"
161,Aplikasinya sangat membantu buat belajar. Ui/uxnya juga oke
162,"aplikasi sangat bermanfaat , ui juga sangat bagus, keren lah pokoknya"
163,"Asli kenapa baru tau ada app kaya begini baru sekarang, berguna banget buat nunjang karir lengkap banget modul sama tawaran bootcamp nya!!"
164,Aplikasi yang sangat membantu!
165,Bagus banget! Bener2 menambah ilmu dan skill yang lagi dibutuhkan
166,Great app! I can learn many things here.
167,Banyak course yang menarik buat belajar hal baru dan UI friendly banget!
168,Thank you so much for making this great app to support education. It really helps me a lot
169,"Aplikasi yang keren, cocok buat mahasiswa yang pengen nambah wawasan!"
170,Aplikasi pembelajaran yang sangat bermanfaat dan keren bangetâ¤. Harus banget sii nyobain buat yang ingin belajar di bidang ITğŸ˜Š
171,"great app!! cocok sih buat yang tertarik belajar programming hingga UI/UX, materinya oke, tampilannya juga menarik ğŸ‘ŒğŸ» Good luck Binar!!!"
172,"Secara tampilan sangat bagus, untuk materi pembelajaran dan cara mengajar juga mudah dipahami. Untuk harga juga relatif terjangkau."
173,terbaik!! ada materi yang bisa diakses secara gratis dan dari situ kita udah bisa ngeliat kualitas dan value dari materi-materinya. App nya yang simple dan robust juga pas banget buat akomodasi pembelajaran kitağŸ‘
174,Aplikasi nya sangat bagus dan menarik sekali untuk penggunanya
175,User friendly banget buat aku yang pertama baru kali akses binar academy! Coursenya gampang diikuti dan ga ngebosenin! 5 stars buat binar â­
176,"Keren banget aplikasinya, cocok lah buat belajar"
177,App begini berguna bgt sih buat anak2 yang kuliah di bidang2 IT kayak aku ğŸ¤©ğŸ¤©. Menyembuhkan insekyur sama matkul2 teknikal shaaayy
178,"Akhirnyaaaa nemu aplikasi belajar yang sesuai banget sama gaya belajarku! Isi videonya padet dan gak bertele-tele cocok buat aku yang ngantukan, topiknya beragam cocok banget buat aku yang latar belakangnya IT, tapi buat yang latar belakangnya non-IT gaperlu khawatir juga sih soalnya coursenya buanyak! Seru juta belajarnya bisa kayak main game hoho kayak selesaiin level dan rintangan, keren banget pokoknya, UInya juga enak diliat, meskipun ada minor-minor yang bisa diimprove. Goodjob Binar!!"
179,Terbaikâœ¨
180,"aplikasinya simple banget, cocok banget buat yang mau upgrade skill."
181,"Course nya menarik , tampilan aplikasinya juga bagus dan user friendly."
182,"wow wow keren banget aplikasinya, bisa ikut live events bermacam topik lhooo!!"
183,The most recommended app walau tidak memiliki background IT sekalipun. Binar Academy memberikan wadah ya bisa membuat diri kita berkembang lebih baik.
184,Very good and useful app! Kontennya bermanfaat dan mudah untuk dipelajari
185,"Great app! There are a lot of learning path options, also the preview of each topics does give me insights to depict what I will learn later in the bootcamp"
186,"good app, easy to use, very inspirational"
187,"UI enak dilihat, course banyak dan mudah dipahami, saya tentu merekomendasikan aplikasi ini untuk digunakan sebagai media belajar"
188,"Very useful app, ui nya juga mantep!! Keren pokoknya"
189,Mantab
190,Design UI/UX nya friendly!
191,"Keren banget aplikasinya, tampilan keren, isinya juga mantap. Belajar bisa dimanapun dan kapanpun."
192,Aplikasi nya keren karna bisa belajar dengan mudah dimanapun dan kapan pun. Highly recommended !!!
193,what a good application!! keep the good work
194,"insightful, useful, and user friendly"
195,"Paten kali aplikasi ini, bisa belajar banyak hal terutama Startup Academy"
196,Learning platform yg kerenn bgt. it's easy to understand for a beginner like me. Nyesel bgt baru tau sekarang ğŸ˜ŒğŸ˜Œ
197,aplikasinya memberi banyak wawasan & tampilannya simple
198,"Pengalaman belajar menjadi sangat menyenangkan dengan Binar. UInya yang simple, menarik, dan mudah dipahami membuat saya jatuh cinta pada pandangan pertamağŸ’œ Binar memiliki banyak sekali manfaat, khususnya bagi para IT lovers seperti sayaâœ¨"
199,really helpful and easy to learn bcs its very simple and on point
200,"Aplikasi ini bagus banget sih, membantu banget buat kita yg mau mengasah skill lebih dalam. Ga berat di memori, ga ada kendala, dan mudah digunakan. Ada beberapa course yg bisa dipelajari secara cuma-cuma di Silver Course. Atau bisa juga pake Paket Premium dengan fasilitas belajar langsung dengan fasilitator, dikasih project, dan dibantu untuk cari kerja. Binar Insight juga menawarkan event-event dan program yang menarik tentunya dengan para mentor yang berpengalaman di bidangnya."
201,very good app! love the UI/UX design
202,"Platform yang sangat bagus dan bermanfaat, tampilan yang memikat dan tool-tools yang mudah digunakan. Dengan gaya peenyajian materinya sangat direkomendasikan buat teman-teman yang ingn jago di dunia digital saat ini. Semoga sukses kedepannya dan berkembang lebih pesat lagi. Salamm suksess..."
203,"Dari kemarin pusing cari bahan belajar business intelligence, untung ada course binar yg ngebantu banget!! Course nya jelas dan padat, cocok banget buat pemula. UI app nya juga keren dan intuitif banget, mantap binar!!"
204,Keren appnyaa
205,"Ketika ingin menggunakan aplikasi ini dan tidak login, kita diharuskan menuliskan nama. Namun ketika menulis nama, entah ini di HPku doang atau engga, tapi keyboard nutupin box yg buat nulis nama itu, jadi tidak terlihat"
206,Overall it's a good UX buat flow yang mudah & copywriting yang friendly. And it's also a good UI buat tampilannya yang simple. And maybe for banner bisa lebih ada ilustrasi lagi biar gak plain.
207,Nice UI and very useful learning platform ğŸ‘
208,Nice app to learn!
209,Great app for IT education
210,"Aplikasinya seru BGT karena Binar punya berbagai kursus yang bisa kita pilih untuk siap erkarier di industri digital. Serunya karena app nya ga ngebosenin dan bisa BELAJAR SAMBIL BERMAIN! Jadi, kita belajar skill digital tapi rasanya kayak lagi main game hehe! Buat maju ke tahap selanjutnya, ada rintangan yang harus kita selesaikan dahulu. Seru banget, intinya mah app ini recommended banget. Penasaran kan gimana serunya? Biar nggak kepo, langsung aja download sekarang dan nikmati sensasinyağŸ˜šâœ¨"
211,"Binar App kudos meledos gandoss! Karena cara belajarnya cocok banget dengan cara belajarku, yaitu membaca/via teks. Jadi bisa tetep belajar sambil dengerin musik deh! Jadi ga bosen dan suntuk gegara dengerin video doang. Binar Insightnya juga keren, topiknya beragam. Mulai dari teknologi sampe bisnis, ada! Udah gitu, ada ilustrasi2 dan bahasanya ringan bikin belajar jadi makin asik dan ga kaku. Ditambah lagi aksesnya gampang, ga perlu searching2 google dan appnya ga berat jadi easy to go + use!"
212,Apikasinya keren
213,"Haloo, salam dari mahasiswa Lombok. Aku udah nyobain banyak platform belajar. Dengan berbagai macam harga dan variasi pembelajaran yang berbeda baik yang di dalam dan luar negeri. Ketika pertama kali nyobain platform Binar Academy tepatnya tahun lalu, dengan penyampaian materi yang to the point disertai dengan ilustrasi yang menarik membuat jatuh hati para pembacanya khususnya aku sendiri. Jadi bisa kubilang dengan metode belajar itu menjadikan Binar Academy sebagai platform belajar favoritku."
214,"Ini nih,ini nih.....aplikasi yang bener"" dibutuhkan dalam masa pandemi seperti ini,dimana harus PPKM tidak bisa belajar tatap muka langsung,aplikasi lengkap dengan pembelajaran dan strategi cerdas,,mentornya top markotop alias tidak diragukan kualitasnya ğŸ‘ğŸ‘,,beruntung banget buat kalian yang menggunakan aplikasi ini,kita bisa belajar buaaanyaaak dengan materi materi yang menarik dan mudah dipahami.. Guyss yook donlod aplikasi ini,gak akan nyesel deh,tak jamiiiiinnnnn.....banyak manfaatnya"
215,"Great app, very easy to use and navigate."
216,"Really helpfull and easy to learn the UI is simple and on point, but sometimes the bug still comes out in some cases such as while logging in by third account. Hope it got fixed in the next version. Can't wait...!"
217,good application
218,Nice apps
219,Sangat membantu dalam mengarahkan belajar saya
220,very good app !! and helpful in my learning process
221,"Binar Bootcamp yang awam bakal diajarin sampai paham selama 4/6 bulan... Terus belajarnya tuh di bimbing sama fasilitator handal dan ternama pastinya yang sudah meniti karier di industri digital.. terus fasilitator nya tuh ngertiin kita bangettttt engga pakai istilah rumit... Nah nanti kalau sudah lulus dari binar bootcamp pasti deh di bantu dalam pencarian kerja lewat fitur job connect... Nah ada juga Binar insight fungi nya itu melejitkan karier digital kita, belajar pasti sama ahli nya dong"
222,wah keren banget
223,"Dari segi UI simple dan fresh dengan khas warna ungu, dan UX yang sÄ±mple dan user friendly. Mulai dari register account, daftar event, memilih course, dan memulai course sangat mudah di akses. Overall saya suka UI dan UX nya yang simple, terutama di course nya, materi yang di sampaikan dengan bahasa yang ringan dan asik sangat mudah dipahami dan juga ingin lebih mempelajari course lainnya di app ini, sesuai namanya ""Addictive digital skill learning application"". 5 star for Binar app, impressive!"
224,"berkat aplikasi binar, pengetahuan tentang industri digital gw bertambah, dgn cm baca kelas silver. hingga akhirnya kemauan untuk belajar dan beradaptasi dengan kemajuan teknologi semakin meningkat didiri gw. finally gw join deh ke kelas premiumnya. sumpah ini ga ngerogoh isi kantong banget tp dapatnya ilmu daging semua."
225,"Wohoo, mantap kali aplikasinya. Saya jadi ketagihan belajar nihh karena design aplikasinya yang bagus bangettt. Smoga bisa dapet banyak ilmu deh dari siniiğŸ‘ğŸ‘"
226,"Aplikasinya keren, bisa ngebantu buat kita"" yg mau belajar. Thanks binar!"
227,"Saya melihat aplikasi ini pertama kali dalam sebuah iklan jadi saya pikir akan mencoba menggunakannya, ketika saya menggunakan aplikasi ini saya terkejut sebab saya sebelumnya masih terbilang buta mengenai seluk beluk IT namun terdorong niat dan tekad saya untuk belajar di aplikasi ini sangat besar jadi dengan belajar di aplikasi Binar pun lambat laun saya menjadi semakin paham mengenai pembelajaran IT sesungguhnya seperti UI/UX konon katanya profesi UI/UX sangat populer di kalangan generasi Z."
228,"Kalo ku liat pertama kali aplikasi ini, kek langsung tertarik gitu buat ku download. Abistu ku coba dalamin lagi aps ini ternyata udahlah ga ngerti lagi aku liat feature yg ada didalamnya. Kalo bisa ku kasih bintang 7 pun, tapi kan gak sakit kepala pulak binar ini. Terbaeklah pokoknya aplikasi ini, berguna juga buat klen yg pengen belajar dengan suasana dan nuansa yang berbedaa. Agak mampur lah dulu klen tengok manatau sor hati klen kann. Biar langsung gassspolll."
229,"gua punya ketertarikan didunia IT sejak lama tapi gua ga tau tempat dimana gua bisa belajar dengan runut dan silabus yang oke, sampe ketemu aplikasi binar ini, Walaupun gua masih SMA gua nyoba buat ngepoin binar ini dan ternyata seru banget apalagi pemilihan kata dari tiap materi itu ga ribett dan terkesan santai. Oke banget dehh!! Cocok banget buat temen"" yang pengen tau dunia per ITan yang lagi hype saat ini, thanks binarr!!!"
230,"Wah tampilan UI UX nya dari aplikasi Binar ini keren banget dan recommended banget untuk digunakan karena memudahkan gw untuk mencari informasi tentang IT seperti programming, web development dan ilmu lainnya.. Disisi lain Binar insight jg menawarkan event dgn program2 yg membantu kita bgt dan Impact nya bisa belajar dr rumah dan dr mana saja nie.. Kerenn bgt apps nya nieğŸ˜‰ğŸ™ğŸ‘"
231,"Secara pribadi untuk ukuran sy yg sudah bukan siswa ataupun mahasiswa, lebih condong ke sisaÂ² ğŸ˜âœŒ. aplikasi ini sangat membantu. Mengingat ilmu pengetahuan yg terus berkembang seiring perkembangan jaman & banyak halÂ² yg baru yg pastinya waktu sekolah belum sy dapatkan bisa sy temukan di sini, khususnya di bidang IT. Cara belajarnya jg santai & mudah dipahami. Intinya dgn BINAR ACADEMY, TAK ADA KATA TERLAMBAT UNTUK BELAJAR. Semoga dgn BINAR, membantu membuat masa depan lebih BERBINAR-BINAR. ğŸŒŸ"
232,great app ğŸ‘
233,Mantap
234,very good app!! the visuals look interesting and this is also very helpful in my learning process
235,"Aplikasinya ngebantu banget buat kita"" yang mau belajar. Penjelasannya detail bangettt. thanks binarrrrr"
236,"Keren siiii binar, aplikasi dan program""nya enak banget buat belajar. thanks binarr"
237,"Sebagai upaya mencegah penyebaran Covid-19, Presiden Jokowi telah menghimbau masyarakat agar melakukan kegiatan belajar, beribadah, dan bekerja di rumah. Meski anak-anak kini diwajibkan belajar di rumah, bukan berarti proses belajar-mengajar berhenti. Demi mendukung aktivitas belajar dari rumah, BINAR berbasis teknologi membantu para programmer dalam memperdalam ilmunya. Dengan BINAR kita bisa belajar kapanpun dan dimanapun dengan tutor yang humble dan pinter banget yang dapat membimbing mu.bye"
238,"Aplikasinyaa bagus, tampilannya enak dan memudahkan kita untuk belajarr, apalagi ada kelas gratis buat pemula. Khususnya bagi yang pengen belajar tentang UI UX wajib banget download aplikasi inii karna materinya lengkap dan terstruktur. Tapi sayang kelas untuk yg gratis cuma dikit, semoga kelas gratisnya bisa ditambah lagii. â¤ï¸"
239,Bermanfaat dan menarik banget buat media belajar
240,Premium member coming from non-IT background here. Regret to say that there is still a lot to improve from this app.. most critical one is the module. Many typos and the technical explanation is not very clear. Had to search the net for easier-to-understand explanation. Information is too dense in some cards and in need to be elaborated more. You put many analogies but lacking real example which is also confusing. Loading cards are also laggy and sometimes the pics/quizes do not appear. Plz fix!
241,"Sangat menarik, terutama event-event terkait UX-nya"
242,MateriÂ² yg tersedia sangat membantu sekali utk memperoleh pengetahuan baru
243,"Sangat membantu terutama bagi saya yang mau improve skills masakini, gak hanya hard skills , tapi disini saya juga bisa belajar soft skills melalui event event yang diadakan binar, terutama kelas gocengnya yang isinya daging semua"
244,"Aplikasi ini cocok banget buat lu yang mau belajar tapi dompet pas""an. Di sini menyediakan bootcamp gratis juga lho tapi jangan salah,walau free tapi penjelasannya top banget dan mudah dimengerti.Pokoknya recommend banget deh!"
245,"Keren banget sih ini aplikasinya, membantu banget buat belajar hal baruğŸ¥³"
246,"Awesome i like this app, this really help me for learning programming"
247,"Keren, simple, lengkap dan mudah digunakan"
248,"Aplikasinya bener-bener user friendly, waktu masuk awal langsung diedukasi apa aja manfaat dri aplikasi ini. Warna ungunya mencirikan banget aplikasi yg ngebantu kreatif. UI nya juga enak dilihatnya. Daftarnya juga gampang tinggal pakai akun google, pilihan ecourse nya cukup banyak. Jadi 1 aplikasi bisa buat belajar beberapa skill kreatif. Ada event-event yg diisi sama orang-orang yg expert dibidangnya. Dan harganya ada flash sale & bundling juga menarikğŸ˜… Highly recommended!"
249,"UI nya keren, kekinian. Bukan UI aja yg keren, program nya juga keren keren. ğŸ‘ğŸ»ğŸ‘ğŸ»"
250,"Aplikasi yang cocok buat yang mau terjun ke industri digital, khususnya buat yang mau belajar programming bisa banget!"
251,Mantaf
252,"Ngebantu bgt buat pemula yg lagi belajar ttg IT, apk nya ga ribet up to date mudah di pahami ga kaya dia yg susah ditebak wkwk bnyk promo juga hadiah nya jga menarik keren siiii sukses terus yaa!! :)"
253,"suka sama aplikasi nya Binar. Interfacenya lumayan asik & Friendly, rasanya kayak lagi main games daripada belajar ğŸ˜„ pas buat yang gampang bosen & nggak terlalu kaku. Namun untuk bagian ""Insight"" mataku masih sakit, karena tampilan nya terlalu banyak teks dan ukuran nya besar. Aku harap akan disesuaikan, dibuat lebih minimalis & sederhana."
254,"a very helpful learning platform! it's easy to use, w/ very comprehensive yet fun-to-read materials on the inside. great app!"
255,"Aplikasi simpel, mudah digunakan, dan sesuai kebutuhan bagi yang membutuhkan ilmu tersebut, harga per event nya pun terjangkau. Untuk aplikasi, saya merasa ada kekurangan sedikit, pada Halaman insight, bagian live event, ketika ingin swipe event ke kiri/kanan dari tengah kurang responsive, jari harus berada di kanan untuk menggeser event ke arah kanan, dan harus di kiri untuk menggeser ke arah kiri. Terima kasih."
256,"Gilaaaa,suka bet nih aplkasi,belajar disini gampang banget di pahami dan gak bikin bosan.Yuk download Binar AcademyğŸ˜ŠğŸ˜Š"
257,"Kadang suka error waktu lagi belajar materi yg silver dan gold app nya, apa hp saya yg butut apa emg app nya gatau sisa nya aman sentosa, terima kasih banyak syurga ente semua inshaAllahğŸ™"
258,"Senyaman itu woi belajar programming di sini, sumpah mau meninggal!!"
259,"Love the apps, Easy to use and Informative"
260,"Wahh , baru tau bsa bljr digital marketing jga dsni !!! Keren !!!"
261,The app doesn't translate...its not in English it sucks
262,Bermanfaat banget
263,A decent platform to learn
264,"Great place to learn something new, especially when you're interested in learning about programming, ui/ux, etc."
265,Mantap
266,It's awesome app ğŸ‘
267,Good and fun experience to learn!
268,Keren bgt appnya
269,The material is very good and can support us to have better skill
270,"Belajar koding perlu konsistensi, pake app binar ini jadi lebih gampang aksesnya mudah"
271,"Menyenangkan sekali menggunakan binar, appsnya mudah dipahami dan materinya juga tidak monoton"
272,Materi yang mudah dipahami dan user interface yang menarik menjadi alasan kenapa Binar Academy merupakan salah satu mobile e-learning terbaik di Indonesia.
273,Sangat membantu untuk dapat berkembang di industri tech ğŸ‘
274,Great app with many available useful course to be learnt.
275,mantap dan berguna banget
276,Appnya lancar dan penampilannya me arik
277,"Aplikasinya bagus, simple dan menarik untuk digunakan"
278,"It's a great app to enlarge my knowledge and enrich skills, this app is so recommended"
279,This is a great apps n I think this apps can help a lot of people to learn about tech n another skill
280,"Nice app, very helpful"
281,Good app to learn from basic
282,"Look Good Visually, easy to navigate"
283,Promonya nicee
284,Cool app with great UX!
285,Makin mantap
286,Good
287,great
288,Masih banyak bug
289,ğŸ–•apk nya jelek
290,Love it helps me understand
291,Yes usefull
292,Sering gagal memuat materi
293,Ok
294,"ada bug pas back dr materi, hitungan progres materinya gk nambah"
295,"Habis registrasi, gak ke load sama sekali materinya"
296,So laggy
297,Loading terlalu lama
298,Gak bisa lanjut ke topik selanjutnya karena gak ada tombol lanjut. Jadi nervous kalo mau beli yg premium.
299,Jadi lambat bgt setelah update gabisa next materi :(
300,Appnya sering berhenti sendiri. Padahal materi-materinya lumayan. Sayang banget.
301,"Di update mlah sering ngeBug Min, kluar sendiri, stelah mencet ""cek"" juga lama jedanya untuk nmpilikan materi selanjutnya."
302,"Aplikasi yang sangat bermanfaat bagi orang-orang yang ingin tahu lebih dalam mengenai programming, recommended!"
303,Ilmu bagi saya adalah bekal yang sangat penting dimasa depan dengan aplikasi ini saya dapat meningkatkan pengetahuan dan ilmu. Great job ğŸ‘
304,Sudah tersertifikasi Education Appiance FinlandğŸ‘
305,bagus
306,"Aplikasi sangat menarik, hanya saja materi terlalu basic untuk saya. Saya yakin banyak orang lain yang lebih membutuhkan aplikasi ini daripada saya. Good job."
307,Sangat mudah untuk digunakan
308,Great App
309,Very comprehensive for product management knowledge
310,"Sudah diperbaiki bugnya, semoga lancar terus ya appnya, bagus banget idenya dan materinya sangat berguna âœ¨"
311,"Sometimes when open the next page, can't see the images."
312,"Cannot register at all, no response after filling name."
313,Can't register
314,Cannot login or register after update.
315,"Parah sih, bagus banget, membantu saya yg baru mau masuk ilmu komputer tapi belum bisa programming"
316,Aplikasinya edukatif dan menyenangkan sekali. Bikin belajar it serasa bermain ğŸ¤
317,"I'm not hating the app, the beginner (silver) materials are actually good for introducing basic requirements to understand programmings BUT these materials are also available on other sources and even there's a whole website providing a whole course to complete mastery for web development and data science, (and even giving full practice for job interviews) for free And this my personal thoughts, the way you lock the gold materials for premium are almost imitating cash grab."
318,Great app
319,"Sementara bintang 1 dulu ya. Aplikasinya sudah bagus, namun sangat disayangkan karena ada bug justru di hal yang paling krusial yaitu materinya yang tidak bisa diakses sudah berhari-hari."
320,Sangat Bermanfaat
321,I'm came here from MakanTalks
322,ga bisa reset password
323,"Mantaplah, design bersih penjelasan to the point"
324,"Cukup bintang 4 dahulu, jikalau nanti kursus sudah selesai baru dan tidak ada kendala baru bintang 5"
325,"Materi yang diajarkan sangat lengkap dan disajikan dengan menarik, ringkas, dan atraktif dengan ilustrasi dan contoh yang mudah dimengerti, jadi pertimbangan untuk ikut course premiumnya"
326,Aplikasi Media belajar yang menarik dan penyampaiannya mudah di pahami.greaattt
327,"Pelajarannya banyak yg ngaco. Benerin dulu konten basicnya baru jualan premium. Masa banyak kuis yang jawabannya katanya yg benar B tapi kliknya A. trus pertanyaan juga gak jelas, bilang kalo yg ditanya itu hasil console.log, kalo langsung ditanya nilai berapa ya gw sebagai noob gak kepikiran maksudnya itu console.log Kalo materi gak rapih malah bikin saya yg noob makin pusing. GAK JADI BELI PREMIUM"
328,Mantapp
329,Not even a single second wasted. Great App!!
330,"Informative, simple, straightforward, classy design as well!"
331,Ø·ÙÙ„ÙØ¨Ù Ø§Ù’Ù„Ø¹ÙÙ„Ù’Ù…Ù’ ÙÙØ±ÙØ«Ù’Ø¶ÙØ©ÙŒ Ø¹ÙÙ„ÙÙ‰ ÙƒÙÙ„ÙÙ‘ Ù…ÙØ³Ù’Ù„ÙÙ…Ù
332,"Salut tri, Mudah belajarnya ternyata."
333,Very helpful! Love it!
334,Insyallah membawa manfaat dan menambah wawasan.
335,"Good, usefull, addictive app. ğŸ¤˜"
336,Good Apps and Good Content from Best People. Nice tri
337,Recommended banget. Thanks Tri Binar
338,Menarik gu! Materi dan metode belajarnya gak bikin bosen.
339,"Ente keren tadz, membantu mempermudah belajar."
340,Cool Apps! â¤ï¸
341,Berkah njagong. Muwantep mas to. ğŸ‘
342,"Ijin sedot ilmunya yang mantab, pak tri."
343,"Aplikasi idolaku, mantab pak yan."
344,"course network sec dong, tri."
345,YTO mencerdaskan bangsa. Lanjutkan!
346,"Kwreeennn , materinya mudah dipahami ğŸ˜˜"
347,"Very good apps! Thanks for this, keep it up!"
348,Great app! materinya menarik banget.
349,Very interestimg topic. Stimulates my curiosity. Kelas2 nya menarik. Harganya juga jauh lebih bersahabat dibandingkan toko sebelah. Worth every penny
350,"Nicee, materi udah dipahami. Informasinya ga belibet"
351,"Kyai Gondrong, mantap ini yi! Terimakasih sudah mengabarkan hal-hal baik dan bermanfaat. Barokallah Binar dan Tim."
352,"Great learning apps, it is an interesting way to get started with programming!"
353,ğŸ¤©ğŸ¤©ğŸ¤©ğŸ¤©
354,"RW01 Hadir. Mantap, buat alternatif bekal tambahan ilmu anak, terjun ke dunia kerja kedepannya yang semakin digital. Terimakasih rekomendasinya ndan."
355,"Assalamualaikum.. Rekomendasi Ustadz gak pernah salah, ajib. Mudah dipakenya, bagus materinya. Tambah course digital marketing dong!. Wassalamualaikum.."
356,Keren pak Tri infonya. Cocok buat anak saya ini mah. Kamsia
357,"Denger dari arisan, cus download. Keren juga bisa belajar teknologi dengan mudah. Thanks Binar & Bosku. Terus ditambah materi dan course yang lainnya."
358,Sangat bermanfaat bagi yg ingin menggunakan otaknya... Sukses Binar Academy...
359,Mantap Ndan 3gu. Siap belajar lagi.
360,Very nice app and easy to use! Good jobbb go go local product!
361,Nice apps for learning ->-
362,"Materi dan analogi yang diberikan sangat memudahkan. Belajar hal yang baru, jadi mudah buat saya. Makasih Binar"
363,well done great job love it!!
364,"Thanks Binar for the free resources, much appreciated! Please add more product management content, i need it!"
365,App yang sangat bagus untuk belajar skill-skill yang relevan di era modern ini
366,Course for kids nya ditunggu kak. Biar bisa belajar bareng anak.
367,Aplikasi referensi dari geng RW. Mantab ternyata. ijin belajar digitalisasi pak Yan ğŸ˜
368,Yang ditunggu sudah tiba. Thanks Binar
369,Coming across this app is like a blessing! I can learn about tech during my free time and for freeee!! The material is so easy to understand for a newbie like me. What else can i ask thx binar!! Otw menabung utk beli kelas goldnya ğŸ™Œ
370,Berkat mengikuti binar academy saya sekarang Bisa bekerja sebagai software developer. Terima kasih binar
371,"Nice view, feels comfort, good looking"
372,Aplikasi semakin bagus. Walau saya gagal di Synergy Bootcamp saya tahu Binar memang bagua. Semoga saya keterima di bootcamp binar gratis selanjutnya hehe
373,I hope there is BE class :D :D
374,very helpful! I hope soon will be offline class too
375,"Awesome!, ditunggu course keren lainnya."
376,nice
377,Interesting App
378,"Overall, the contents are insightful and it helps boosting the learning experience"
379,a very good app!! lengkap sekali informasi dan materi yg dibutuhkan ğŸ¥°
380,Makin mantep aplikasinya.
381,Easy to reach apps
382,Awesome apps to learning programming
383,Aplikasi pembelajaran yang keren. Saya baru nyoba dan langsung ketagihan. Tapi sayang pilihan coursenya terbatas. Semoga bisa diperbanyak ke depannya.
384,"Bagus banget, anak saya jadi mudah belajarnya. Terimakasih Binar. â¤ï¸"
385,Mudah dipahami dan mudah cara belajarnya.
386,"Keren, gak ngadi ngadi. Daging semua!"
387,Sudah saya tunggu upgrade terbaru. Jadi bisa baca lebih dari satu course. Pengen belajar android lagi
388,"Katanya ada update hari ini, pas download updateannya katanya ""sedang melakukan perbaikan, silahkan kembali pada tanggal 7 Jan"" Lel"
389,Sangat bermanfaat
390,Bagus bgt. Penjelasannya simple
391,"This app very nice, because we are taught from zero to hero, Thank's binary academy."
392,"System pembelajaran interactive Dan menarik, user juga di perkenalkan soal programmer, seperti UI/UX, Scrum master, Product Owner, Back end, Front end Dan mobile. Jadi user lebih mengerti."
393,Nicee
394,"berharap ada materi lain, yang paling saya tunggu materi tentang QA. Semoga cepat ada materi tentang QA"
395,Penjelasan nya dengan analogi cukup mudah dimengerti. App yang sangat membantu buat kamu yang mau mulai belajar coding. Tapi kenapa gambar nya tidak keluar ya hp saya?
396,Bagus bgt UI/UX nya dan mudah digunakan. I love binar
397,"Nice app, need improvement on image loading speed"
398,Keep it up gaes! ğŸ’ª
399,"Udh keren kok, tapi pas materi tolong tambahin tombol back dong. Jadi pas lagi kepencet next materi bisa back ke materi sebelumnya. Makasih!"
400,"Dari awal ganti format ini, aku udah nungguin banget gimana Binar bisa ngejelasin ""how to code"" dengan ringkas tapi padat isinya, gampang dipahamin bahkan utk awam/non tech graduates sekalipun. Looks like you guys did it! Gabisa ngasih 10 star rating aja apa ya? Kudos to mbak Alamanda & the whole Binar Academy team! PS: Aku nunggu kelas2 nya yg lain kaya UI/UX *uhuk* di app ya!"
401,"sangat mengedukasi, good"
402,Mantap jiwa appnya
403,aplikasi yg sangat bgs.. materiny sangat mudah di mengerti..
404,Materi nya jelas dan mudah untuk d mengerti.
405,"App yang sangat menarik, content bagus mudah untuk memahaminya. Good job binar, lanjutkan!"
406,saya menghargai usaha teman saya yang buat app-nya.
407,Awesome! Can't wait for the release of the other courses. All the best!
408,Awesome apps for learning programming tips
409,Mangstap kak!!
410,"saya menghargai usaha teman saya yang buat app-nya. makasih, nes. ğŸ‘ŒğŸ»"
411,"saya menghargai usaha teman saya yang buat app-nya. makasih, nes. ğŸ‘ŒğŸ»"
